dates,values
2020.01.01,-1.0
2020.01.02,0.0
2020.01.03,-0.33
2020.01.04,1.0
2020.01.05,1.0
2020.01.06,-0.5
2020.01.07,0.75
2020.01.08,0.33
2020.01.09,0.0
2020.01.10,-1.0
2020.01.11,0.0
2020.01.12,-1.0
2020.01.13,-0.5
2020.01.14,-0.5
2020.01.15,0.33
2020.01.16,1.0
2020.01.17,0.0
2020.01.18,-1.0
2020.01.19,-0.5
2020.01.20,1.0
2020.01.21,1.0
2020.01.22,0.0
2020.01.23,0.67
2020.01.24,0.17
2020.01.25,0.5
2020.01.26,-1.0
2020.01.27,0.67
2020.01.28,0.5
2020.01.29,0.0
2020.01.30,1.0
2020.01.31,-0.33
2020.02.01,0.5
2020.02.02,1.0
2020.02.03,0.67
2020.02.04,-0.5
2020.02.05,-1.0
2020.02.06,0.0
2020.02.07,0.5
2020.02.08,0.0
2020.02.09,-0.33
2020.02.10,-0.5
2020.02.11,0.0
2020.02.12,0.0
2020.02.13,1.0
2020.02.14,1.0
2020.02.15,0.0
2020.02.16,1.0
2020.02.17,0.0
2020.02.18,0.5
2020.02.19,0.67
2020.02.20,1.0
2020.02.21,0.25
2020.02.22,1.0
2020.02.23,1.0
2020.02.24,0.67
2020.02.25,0.5
2020.02.26,1.0
2020.02.27,1.0
2020.02.28,0.0
2020.02.29,1.0
2020.03.01,1.0
2020.03.02,-0.33
2020.03.03,-0.67
2020.03.04,-0.67
2020.03.05,1.0
2020.03.06,1.0
2020.03.07,-1.0
2020.03.08,-1.0
2020.03.09,-0.17
2020.03.10,0.0
2020.03.11,0.75
2020.03.12,-1.0
2020.03.13,-0.71
2020.03.14,0.5
2020.03.15,-1.0
2020.03.16,-1.0
2020.03.17,-0.5
2020.03.18,0.0
2020.03.19,-0.5
2020.03.20,0.75
2020.03.21,1.0
2020.03.22,-1.0
2020.03.23,-0.33
2020.03.24,0.0
2020.03.25,0.0
2020.03.26,-0.2
2020.03.27,-0.5
2020.03.28,-1.0
2020.03.29,-1.0
2020.03.30,-0.8
2020.03.31,-1.0
2020.04.01,-1.0
2020.04.02,0.0
2020.04.03,1.0
2020.04.04,-0.33
2020.04.05,1.0
2020.04.06,-0.67
2020.04.07,-0.5
2020.04.08,0.0
2020.04.09,0.33
2020.04.10,0.5
2020.04.11,-1.0
2020.04.12,-1.0
2020.04.13,-0.5
2020.04.14,0.0
2020.04.15,1.0
2020.04.16,0.5
2020.04.17,-0.33
2020.04.18,0.5
2020.04.19,1.0
2020.04.20,0.67
2020.04.21,0.8
2020.04.22,-1.0
2020.04.23,1.0
2020.04.24,1.0
2020.04.25,0.0
2020.04.26,0.0
2020.04.27,1.0
2020.04.28,-1.0
2020.04.29,-1.0
2020.04.30,-0.67
2020.05.01,0.0
2020.05.02,-1.0
2020.05.03,1.0
2020.05.04,0.33
2020.05.05,0.33
2020.05.06,1.0
2020.05.07,-0.33
2020.05.08,0.0
2020.05.09,-1.0
2020.05.10,0.0
2020.05.11,0.2
2020.05.12,0.75
2020.05.13,1.0
2020.05.14,0.75
2020.05.15,0.67
2020.05.16,1.0
2020.05.17,0.33
2020.05.18,1.0
2020.05.19,0.2
2020.05.20,0.5
2020.05.21,0.67
2020.05.22,-0.67
2020.05.23,-1.0
2020.05.24,-1.0
2020.05.25,0.0
2020.05.26,0.5
2020.05.27,0.0
2020.05.28,0.33
2020.05.29,1.0
2020.05.30,1.0
2020.05.31,0.67
2020.06.01,0.0
2020.06.02,0.5
2020.06.03,0.6
2020.06.04,0.67
2020.06.05,0.67
2020.06.06,-0.75
2020.06.07,-0.5
2020.06.08,0.0
2020.06.09,-0.6
2020.06.10,-1.0
2020.06.11,0.0
2020.06.12,0.57
2020.06.13,1.0
2020.06.14,-0.33
2020.06.15,1.0
2020.06.16,-0.33
2020.06.17,-0.17
2020.06.18,-0.17
2020.06.19,0.25
2020.06.20,0.0
2020.06.21,0.0
2020.06.22,0.25
2020.06.23,0.33
2020.06.24,-0.6
2020.06.25,0.0
2020.06.26,0.0
2020.06.27,-1.0
2020.06.28,-0.67
2020.06.29,0.17
2020.06.30,-0.33
2020.07.01,-0.17
2020.07.02,-0.25
2020.07.03,-0.5
2020.07.04,0.5
2020.07.05,1.0
2020.07.06,0.0
2020.07.07,-0.29
2020.07.08,-0.8
2020.07.09,-0.25
2020.07.10,0.8
2020.07.11,-0.67
2020.07.12,0.67
2020.07.13,-0.17
2020.07.14,-0.33
2020.07.15,-0.29
2020.07.16,0.2
2020.07.17,0.2
2020.07.18,0.0
2020.07.19,0.0
2020.07.20,0.71
2020.07.21,-0.4
2020.07.22,-1.0
2020.07.23,0.33
2020.07.24,0.0
2020.07.25,0.67
2020.07.26,0.5
2020.07.27,-0.29
2020.07.28,-0.71
2020.07.29,0.43
2020.07.30,0.0
2020.07.31,1.0
2020.08.01,0.5
2020.08.02,1.0
2020.08.03,0.4
2020.08.04,0.86
2020.08.05,0.6
2020.08.06,1.0
2020.08.07,0.2
2020.08.08,0.0
2020.08.09,1.0
2020.08.10,0.0
2020.08.11,1.0
2020.08.12,1.0
2020.08.13,-0.5
2020.08.14,1.0
2020.08.15,1.0
2020.08.16,0.5
2020.08.17,-0.5
2020.08.18,0.75
2020.08.19,0.0
2020.08.20,0.5
2020.08.21,-0.33
2020.08.22,1.0
2020.08.23,0.67
2020.08.24,0.25
2020.08.25,-0.2
2020.08.26,0.0
2020.08.27,0.71
2020.08.28,-0.5
2020.08.29,1.0
2020.08.30,1.0
2020.08.31,0.43
2020.09.01,-0.5
2020.09.02,-0.29
2020.09.03,0.75
2020.09.04,-1.0
2020.09.05,0.67
2020.09.06,0.0
2020.09.07,0.4
2020.09.08,0.25
2020.09.09,-0.25
2020.09.10,1.0
2020.09.11,0.5
2020.09.12,0.5
2020.09.13,0.5
2020.09.14,0.67
2020.09.15,-0.33
2020.09.16,-0.5
2020.09.17,-0.6
2020.09.18,-0.6
2020.09.19,0.33
2020.09.20,0.5
2020.09.21,-0.2
2020.09.22,1.0
2020.09.23,0.25
2020.09.24,-0.25
2020.09.25,0.0
2020.09.26,1.0
2020.09.27,1.0
2020.09.28,0.25
2020.09.29,0.57
2020.09.30,-0.5
2020.10.01,0.5
2020.10.02,-0.5
2020.10.03,0.5
2020.10.04,-0.33
2020.10.05,0.0
2020.10.06,-0.75
2020.10.07,-0.4
2020.10.08,0.0
2020.10.09,1.0
2020.10.10,0.0
2020.10.11,-1.0
2020.10.12,0.0
2020.10.13,1.0
2020.10.14,1.0
2020.10.15,-0.25
2020.10.16,-0.25
2020.10.17,0.33
2020.10.18,-1.0
2020.10.19,-0.2
2020.10.20,0.75
2020.10.21,-0.5
2020.10.22,-0.57
2020.10.23,1.0
2020.10.24,1.0
2020.10.25,1.0
2020.10.26,0.6
2020.10.27,-0.17
2020.10.28,0.33
2020.10.29,-0.2
2020.10.30,0.29
2020.10.31,0.67
2020.11.01,0.5
2020.11.02,1.0
2020.11.03,0.8
2020.11.04,0.75
2020.11.05,0.5
2020.11.06,0.56
2020.11.07,-0.25
2020.11.08,1.0
2020.11.09,-1.0
2020.11.10,1.0
2020.11.11,0.8
2020.11.12,0.33
2020.11.13,1.0
2020.11.14,0.0
2020.11.15,0.0
2020.11.16,0.0
2020.11.17,0.89
2020.11.18,0.25
2020.11.19,0.5
2020.11.20,1.0
2020.11.21,0.33
2020.11.22,0.5
2020.11.23,0.14
2020.11.24,0.5
2020.11.25,0.33
2020.11.26,0.67
2020.11.27,-0.5
2020.11.28,1.0
2020.11.29,1.0
2020.11.30,0.25
2020.12.01,0.33
2020.12.02,1.0
2020.12.03,0.0
2020.12.04,0.5
2020.12.05,1.0
2020.12.06,1.0
2020.12.07,0.5
2020.12.08,1.0
2020.12.09,1.0
2020.12.10,0.33
2020.12.11,-0.5
2020.12.12,0.25
2020.12.13,0.67
2020.12.14,1.0
2020.12.15,1.0
2020.12.16,0.0
2020.12.17,1.0
2020.12.18,0.33
2020.12.19,0.0
2020.12.20,1.0
2020.12.21,0.0
2020.12.22,0.33
2020.12.23,0.2
2020.12.24,-0.33
2020.12.25,0.33
2020.12.26,0.0
2020.12.27,1.0
2020.12.28,0.71
2020.12.29,0.33
2020.12.30,0.5
2020.12.31,-1.0
2021.01.01,1.0
2021.01.02,0.0
2021.01.03,1.0
2021.01.04,1.0
2021.01.05,0.67
2021.01.06,0.0
2021.01.07,-0.67
2021.01.08,-0.67
2021.01.09,-0.33
2021.01.10,-1.0
2021.01.11,0.0
2021.01.12,0.75
2021.01.13,0.75
2021.01.14,0.2
2021.01.15,1.0
2021.01.16,0.5
2021.01.17,0.0
2021.01.18,1.0
2021.01.19,1.0
2021.01.20,0.33
2021.01.21,0.0
2021.01.22,0.67
2021.01.23,0.67
2021.01.24,0.0
2021.01.25,1.0
2021.01.26,0.5
2021.01.27,-0.33
2021.01.28,-0.25
2021.01.29,0.0
2021.01.30,0.0
2021.01.31,0.0
2021.02.01,0.67
2021.02.02,0.0
2021.02.03,0.6
2021.02.04,0.0
2021.02.05,0.0
2021.02.06,1.0
2021.02.07,-1.0
2021.02.08,-0.5
2021.02.09,0.0
2021.02.10,0.6
2021.02.11,1.0
2021.02.12,0.0
2021.02.13,1.0
2021.02.14,1.0
2021.02.15,0.0
2021.02.16,-0.5
2021.02.17,0.0
2021.02.18,1.0
2021.02.19,0.0
2021.02.20,0.0
2021.02.21,0.0
2021.02.22,0.67
2021.02.23,0.67
2021.02.24,0.5
2021.02.25,0.75
2021.02.26,1.0
2021.02.27,1.0
2021.02.28,0.0
2021.03.01,1.0
2021.03.02,0.75
2021.03.03,0.0
2021.03.04,0.33
2021.03.05,1.0
2021.03.06,0.0
2021.03.07,1.0
2021.03.08,0.83
2021.03.09,0.0
2021.03.10,0.67
2021.03.11,0.0
2021.03.12,1.0
2021.03.13,0.0
2021.03.14,0.0
2021.03.15,0.0
2021.03.16,0.33
2021.03.17,0.25
2021.03.18,0.2
2021.03.19,0.0
2021.03.20,1.0
2021.03.21,1.0
2021.03.22,1.0
2021.03.23,1.0
2021.03.24,0.8
2021.03.25,1.0
2021.03.26,0.43
2021.03.27,0.0
2021.03.28,1.0
2021.03.29,-0.25
2021.03.30,0.67
2021.03.31,1.0
2021.04.01,-0.33
2021.04.02,0.0
2021.04.03,0.0
2021.04.04,0.0
2021.04.05,1.0
2021.04.06,0.4
2021.04.07,-1.0
2021.04.08,0.33
2021.04.09,0.25
2021.04.10,1.0
2021.04.11,1.0
2021.04.12,0.67
2021.04.13,0.0
2021.04.14,0.67
2021.04.15,0.67
2021.04.16,1.0
2021.04.17,0.33
2021.04.18,1.0
2021.04.19,0.5
2021.04.20,0.75
2021.04.21,0.2
2021.04.22,-0.67
2021.04.23,0.0
2021.04.24,1.0
2021.04.25,0.0
2021.04.26,0.25
2021.04.27,0.6
2021.04.28,0.0
2021.04.29,-0.2
2021.04.30,-0.5
2021.05.01,0.5
2021.05.02,0.5
2021.05.03,0.75
2021.05.04,0.33
2021.05.05,0.33
2021.05.06,0.5
2021.05.07,1.0
2021.05.08,1.0
2021.05.09,1.0
2021.05.10,0.57
2021.05.11,0.5
2021.05.12,1.0
2021.05.13,0.4
2021.05.14,0.12
2021.05.15,1.0
2021.05.16,1.0
2021.05.17,0.4
2021.05.18,0.2
2021.05.19,1.0
2021.05.20,0.8
2021.05.21,1.0
2021.05.22,1.0
2021.05.23,1.0
2021.05.24,0.43
2021.05.25,0.0
2021.05.26,0.4
2021.05.27,-0.12
2021.05.28,0.4
2021.05.29,1.0
2021.05.30,1.0
2021.05.31,0.0
2021.06.01,0.2
2021.06.02,1.0
2021.06.03,-0.33
2021.06.04,-0.5
2021.06.05,0.67
2021.06.06,1.0
2021.06.07,1.0
2021.06.08,0.33
2021.06.09,0.33
2021.06.10,0.8
2021.06.11,1.0
2021.06.12,0.5
2021.06.13,0.0
2021.06.14,1.0
2021.06.15,1.0
2021.06.16,0.5
2021.06.17,1.0
2021.06.18,0.2
2021.06.19,0.0
2021.06.20,0.0
2021.06.21,0.67
2021.06.22,0.58
2021.06.23,1.0
2021.06.24,1.0
2021.06.25,0.6
2021.06.26,0.0
2021.06.27,1.0
2021.06.28,-0.25
2021.06.29,0.4
2021.06.30,0.5
2021.07.01,0.5
2021.07.02,1.0
2021.07.03,-1.0
2021.07.04,0.0
2021.07.05,0.29
2021.07.06,0.2
2021.07.07,0.8
2021.07.08,1.0
2021.07.09,0.86
2021.07.10,1.0
2021.07.11,1.0
2021.07.12,1.0
2021.07.13,0.4
2021.07.14,0.5
2021.07.15,0.75
2021.07.16,1.0
2021.07.17,1.0
2021.07.18,0.5
2021.07.19,1.0
2021.07.20,0.75
2021.07.21,0.33
2021.07.22,0.75
2021.07.23,0.25
2021.07.24,0.25
2021.07.25,0.0
2021.07.26,-0.33
2021.07.27,0.67
2021.07.28,-1.0
2021.07.29,-0.75
2021.07.30,0.29
2021.07.31,0.0
2021.08.01,0.0
2021.08.02,0.25
2021.08.03,-0.33
2021.08.04,-0.33
2021.08.05,-0.5
2021.08.06,0.0
2021.08.07,-0.33
2021.08.08,-0.33
2021.08.09,1.0
2021.08.10,0.4
2021.08.11,0.0
2021.08.12,0.33
2021.08.13,0.4
2021.08.14,0.0
2021.08.15,-1.0
2021.08.16,0.5
2021.08.17,0.6
2021.08.18,0.11
2021.08.19,0.17
2021.08.20,0.71
2021.08.21,0.0
2021.08.22,0.0
2021.08.23,0.0
2021.08.24,0.43
2021.08.25,0.2
2021.08.26,-0.5
2021.08.27,-0.2
2021.08.28,0.0
2021.08.29,-1.0
2021.08.30,-0.33
2021.08.31,-0.5
2021.09.01,-0.25
2021.09.02,0.0
2021.09.03,-0.11
2021.09.04,0.0
2021.09.05,0.5
2021.09.06,0.38
2021.09.07,0.33
2021.09.08,0.2
2021.09.09,-0.4
2021.09.10,0.29
2021.09.11,0.0
2021.09.12,-0.5
2021.09.13,0.0
2021.09.14,0.75
2021.09.15,0.25
2021.09.16,0.5
2021.09.17,-0.5
2021.09.18,0.33
2021.09.19,0.67
2021.09.20,0.33
2021.09.21,1.0
2021.09.22,0.8
2021.09.23,1.0
2021.09.24,0.8
2021.09.25,0.4
2021.09.26,1.0
2021.09.27,0.75
2021.09.28,0.67
2021.09.29,0.33
2021.09.30,0.5
2021.10.01,1.0
2021.10.02,0.67
2021.10.03,0.0
2021.10.04,1.0
2021.10.05,1.0
2021.10.06,0.4
2021.10.07,0.67
2021.10.08,0.0
2021.10.09,0.25
2021.10.10,0.0
2021.10.11,0.67
2021.10.12,1.0
2021.10.13,1.0
2021.10.14,-0.25
2021.10.15,0.0
2021.10.16,0.2
2021.10.17,0.0
2021.10.18,0.8
2021.10.19,0.67
2021.10.20,0.25
2021.10.21,0.57
2021.10.22,0.2
2021.10.23,0.0
2021.10.24,1.0
2021.10.25,1.0
2021.10.26,0.6
2021.10.27,0.62
2021.10.28,0.8
2021.10.29,1.0
2021.10.30,0.75
2021.10.31,0.5
2021.11.01,0.5
2021.11.02,0.75
2021.11.03,0.42
2021.11.04,0.18
2021.11.05,0.43
2021.11.06,0.25
2021.11.07,0.75
2021.11.08,0.07
2021.11.09,0.55
2021.11.10,0.38
2021.11.11,0.25
2021.11.12,0.7
2021.11.13,0.75
2021.11.14,-0.5
2021.11.15,0.25
2021.11.16,0.83
2021.11.17,0.8
2021.11.18,0.65
2021.11.19,0.36
2021.11.20,0.92
2021.11.21,0.83
2021.11.22,0.4
2021.11.23,0.54
2021.11.24,0.62
2021.11.25,0.38
2021.11.26,0.91
2021.11.27,0.67
2021.11.28,0.8
2021.11.29,0.4
2021.11.30,0.18
2021.12.01,0.57
2021.12.02,0.36
2021.12.03,0.16
2021.12.04,0.5
2021.12.05,0.25
2021.12.06,0.0
2021.12.07,0.0
2021.12.08,-0.06
2021.12.09,0.74
2021.12.10,0.06
2021.12.11,0.75
2021.12.12,1.0
2021.12.13,0.31
2021.12.14,0.0
2021.12.15,0.08
2021.12.16,0.62
2021.12.17,0.53
2021.12.18,0.89
2021.12.19,0.33
2021.12.20,0.22
2021.12.21,0.1
2021.12.22,0.0
2021.12.23,0.82
2021.12.24,0.57
2021.12.25,0.5
2021.12.26,0.33
2021.12.27,0.29
2021.12.28,0.12
2021.12.29,0.09
2021.12.30,-0.1
2021.12.31,0.5
2022.01.01,0.11
2022.01.02,1.0
2022.01.03,0.67
2022.01.04,0.4
2022.01.05,-0.04
2022.01.06,-0.06
2022.01.07,0.64
2022.01.08,0.6
2022.01.09,0.0
2022.01.10,0.5
2022.01.11,0.38
2022.01.12,0.5
2022.01.13,0.0
2022.01.14,0.18
2022.01.15,0.25
2022.01.16,0.17
2022.01.17,0.58
2022.01.18,0.44
2022.01.19,0.4
2022.01.20,0.41
2022.01.21,0.13
2022.01.22,-0.22
2022.01.23,0.67
2022.01.24,0.14
2022.01.25,0.55
2022.01.26,-0.25
2022.01.27,-0.04
2022.01.28,0.0
2022.01.29,0.56
2022.01.30,0.0
2022.01.31,0.0
2022.02.01,0.0
2022.02.02,-1.0
2022.02.03,-0.5
2022.02.04,0.85
2022.02.05,0.5
2022.02.06,0.75
2022.02.07,0.62
2022.02.08,0.43
2022.02.09,0.2
2022.02.10,0.06
2022.02.11,0.5
2022.02.12,0.5
2022.02.13,0.33
2022.02.14,0.73
2022.02.15,0.33
2022.02.16,0.0
2022.02.17,0.35
2022.02.18,-0.07
2022.02.19,0.0
2022.02.20,0.0
2022.02.21,-0.06
2022.02.22,-0.3
2022.02.23,0.33
2022.02.24,0.39
2022.02.25,0.62
2022.02.26,-0.43
2022.02.27,0.0
2022.02.28,0.21
2022.03.01,0.47
2022.03.02,0.4
2022.03.03,0.22
2022.03.04,0.0
2022.03.05,0.0
2022.03.06,0.0
2022.03.07,0.08
2022.03.08,0.69
2022.03.09,0.78
2022.03.10,0.0
2022.03.11,0.4
2022.03.12,0.14
2022.03.13,0.0
2022.03.14,-0.06
2022.03.15,0.0
2022.03.16,-0.19
2022.03.17,0.19
2022.03.18,0.5
2022.03.19,-0.17
2022.03.20,1.0
2022.03.21,0.0
2022.03.22,-0.12
2022.03.23,0.38
2022.03.24,0.69
2022.03.25,0.29
2022.03.26,0.33
2022.03.27,1.0
2022.03.28,0.12
2022.03.29,0.0
2022.03.30,-0.04
2022.03.31,0.38
2022.04.01,0.56
2022.04.02,0.36
2022.04.03,0.0
2022.04.04,0.21
2022.04.05,0.07
2022.04.06,0.48
2022.04.07,0.29
2022.04.08,0.69
2022.04.09,-0.2
2022.04.10,0.75
2022.04.11,0.19
2022.04.12,0.56
2022.04.13,0.57
2022.04.14,0.45
2022.04.15,0.25
2022.04.16,0.44
2022.04.17,0.8
2022.04.18,0.2
2022.04.19,0.16
2022.04.20,0.06
2022.04.21,0.35
2022.04.22,0.31
2022.04.23,0.64
2022.04.24,1.0
2022.04.25,0.3
2022.04.26,0.15
2022.04.27,0.15
2022.04.28,-0.21
2022.04.29,0.4
2022.04.30,0.0
2022.05.01,0.0
2022.05.02,0.29
2022.05.03,-0.06
2022.05.04,0.0
2022.05.05,0.17
2022.05.06,0.25
2022.05.07,0.0
2022.05.08,0.0
2022.05.09,0.3
2022.05.10,0.4
2022.05.11,0.44
2022.05.12,0.06
2022.05.13,0.44
2022.05.14,0.8
2022.05.15,-0.5
2022.05.16,0.33
2022.05.17,0.18
2022.05.18,0.31
2022.05.19,0.43
2022.05.20,0.06
2022.05.21,0.0
2022.05.22,0.67
2022.05.23,0.11
2022.05.24,-0.33
2022.05.25,0.22
2022.05.26,0.27
2022.05.27,0.17
2022.05.28,0.0
2022.05.29,0.0
2022.05.30,0.45
2022.05.31,0.38
2022.06.01,0.17
2022.06.02,0.08
2022.06.03,0.44
2022.06.04,0.17
2022.06.05,-0.67
2022.06.06,0.14
2022.06.07,-0.08
2022.06.08,0.17
2022.06.09,-0.59
2022.06.10,-0.42
2022.06.11,-0.33
2022.06.12,-0.67
2022.06.13,-0.05
2022.06.14,0.29
2022.06.15,0.31
2022.06.16,0.22
2022.06.17,-0.15
2022.06.18,0.25
2022.06.19,1.0
2022.06.20,0.12
2022.06.21,0.37
2022.06.22,0.17
2022.06.23,-0.07
2022.06.24,0.06
2022.06.25,0.5
2022.06.26,1.0
2022.06.27,-0.2
2022.06.28,0.6
2022.06.29,0.32
2022.06.30,0.12
2022.07.01,0.31
2022.07.02,-0.25
2022.07.03,-0.5
2022.07.04,0.0
2022.07.05,0.4
2022.07.06,0.33
2022.07.07,0.15
2022.07.08,-1.0
2022.07.09,-0.71
2022.07.10,-1.0
2022.07.11,-0.82
2022.07.12,-0.33
2022.07.13,-0.3
2022.07.14,0.14
2022.07.15,-0.38
2022.07.16,-0.43
2022.07.17,0.0
2022.07.18,-0.26
2022.07.19,-0.08
2022.07.20,0.09
2022.07.21,0.47
2022.07.22,0.06
2022.07.23,0.38
2022.07.24,0.33
2022.07.25,-0.19
2022.07.26,-0.07
2022.07.27,0.07
2022.07.28,0.17
2022.07.29,-0.08
2022.07.30,0.27
2022.07.31,0.14
2022.08.01,0.0
2022.08.02,-0.15
2022.08.03,-0.12
2022.08.04,0.43
2022.08.05,0.4
2022.08.06,0.69
2022.08.07,0.25
2022.08.08,0.28
2022.08.09,0.25
2022.08.10,0.16
2022.08.11,0.48
2022.08.12,0.43
2022.08.13,0.07
2022.08.14,0.0
2022.08.15,0.14
2022.08.16,-0.07
2022.08.17,0.1
2022.08.18,0.12
2022.08.19,0.09
2022.08.20,0.42
2022.08.21,-0.25
2022.08.22,0.41
2022.08.23,-0.03
2022.08.24,0.1
2022.08.25,0.11
2022.08.26,0.57
2022.08.27,0.56
2022.08.28,0.83
2022.08.29,0.24
2022.08.30,0.12
2022.08.31,0.17
2022.09.01,0.5
2022.09.02,0.29
2022.09.03,-0.38
2022.09.04,-0.33
2022.09.05,-0.08
2022.09.06,-0.23
2022.09.07,-0.08
2022.09.08,0.16
2022.09.09,-0.07
2022.09.10,0.0
2022.09.11,0.0
2022.09.12,0.35
2022.09.13,0.03
2022.09.14,-0.44
2022.09.15,-0.07
2022.09.16,0.21
2022.09.17,-0.09
2022.09.18,0.0
2022.09.19,0.0
2022.09.20,-0.14
2022.09.21,0.23
2022.09.22,-0.26
2022.09.23,0.44
2022.09.24,0.44
2022.09.25,0.0
2022.09.26,-0.11
2022.09.27,-0.21
2022.09.28,0.04
2022.09.29,0.16
2022.09.30,0.1
2022.10.01,-0.25
2022.10.02,0.0
2022.10.03,0.09
2022.10.04,0.4
2022.10.05,-0.23
2022.10.06,-0.44
2022.10.07,0.0
2022.10.08,0.25
2022.10.09,-1.0
2022.10.10,-0.14
2022.10.11,-0.36
2022.10.12,0.23
2022.10.13,0.0
2022.10.14,-0.23
2022.10.15,0.67
2022.10.16,0.0
2022.10.17,0.14
2022.10.18,-0.33
2022.10.19,0.44
2022.10.20,0.0
2022.10.21,-0.29
2022.10.22,0.14
2022.10.23,0.75
2022.10.24,0.31
2022.10.25,0.45
2022.10.26,0.09
2022.10.27,0.16
2022.10.28,0.43
2022.10.29,0.33
2022.10.30,0.25
2022.10.31,0.0
2022.11.01,0.35
2022.11.02,0.11
2022.11.03,-0.23
2022.11.04,0.07
2022.11.05,-0.29
2022.11.06,0.0
2022.11.07,-0.17
2022.11.08,0.0
2022.11.09,0.0
2022.11.10,0.29
2022.11.11,-0.11
2022.11.12,0.25
2022.11.13,0.25
2022.11.14,-0.09
2022.11.15,0.26
2022.11.16,0.27
2022.11.17,-0.17
2022.11.18,0.3
2022.11.19,0.0
2022.11.20,0.67
2022.11.21,0.67
2022.11.22,0.61
2022.11.23,0.6
2022.11.24,0.24
2022.11.25,0.24
2022.11.26,0.5
2022.11.27,0.5
2022.11.28,0.17
2022.11.29,0.26
2022.11.30,0.42
2022.12.01,0.47
2022.12.02,0.08
2022.12.03,-0.5
2022.12.04,1.0
2022.12.05,-0.11
2022.12.06,-0.54
2022.12.07,-0.44
2022.12.08,-0.62
2022.12.09,0.0
2022.12.10,-0.4
2022.12.11,-1.0
2022.12.12,-0.36
2022.12.13,0.5
2022.12.14,-0.1
2022.12.15,0.33
2022.12.16,-0.14
2022.12.17,0.5
2022.12.18,0.0
2022.12.19,-0.19
2022.12.20,0.57
2022.12.21,0.12
2022.12.22,0.14
2022.12.23,0.25
2022.12.24,0.14
2022.12.25,0.5
2022.12.26,0.0
2022.12.27,-0.4
2022.12.28,0.55
2022.12.29,0.0
2022.12.30,0.71
2022.12.31,0.12
2023.01.01,0.67
2023.01.02,0.0
2023.01.03,0.08
2023.01.04,0.5
2023.01.05,0.0
2023.01.06,0.22
2023.01.07,0.0
2023.01.08,0.67
2023.01.09,0.33
2023.01.10,0.67
2023.01.11,0.2
2023.01.12,-0.08
2023.01.13,0.13
2023.01.14,0.08
2023.01.15,0.33
2023.01.16,0.23
2023.01.17,-0.44
2023.01.18,0.19
2023.01.19,0.07
2023.01.20,0.47
2023.01.21,0.6
2023.01.22,0.0
2023.01.23,-0.44
2023.01.24,-0.29
2023.01.25,0.1
2023.01.26,-0.08
2023.01.27,-0.18
2023.01.28,0.4
2023.01.29,-0.25
2023.01.30,-0.09
2023.01.31,0.36
2023.02.01,0.22
2023.02.02,0.24
2023.02.03,0.0
2023.02.04,0.0
2023.02.05,0.8
2023.02.06,0.0
2023.02.07,0.13
2023.02.08,0.67
2023.02.09,0.58
2023.02.10,0.54
2023.02.11,0.5
2023.02.12,0.67
2023.02.13,0.46
2023.02.14,0.27
2023.02.15,0.48
2023.02.16,0.38
2023.02.17,0.39
2023.02.18,0.33
2023.02.19,1.0
2023.02.20,0.36
2023.02.21,0.38
2023.02.22,0.28
2023.02.23,0.43
2023.02.24,0.57
2023.02.25,0.14
2023.02.26,0.75
2023.02.27,0.33
2023.02.28,0.37
2023.03.01,0.43
2023.03.02,0.05
2023.03.03,-0.05
2023.03.04,0.5
2023.03.05,0.0
2023.03.06,-0.33
2023.03.07,0.33
2023.03.08,0.52
2023.03.09,0.73
2023.03.10,0.32
2023.03.11,0.67
2023.03.12,1.0
2023.03.13,0.69
2023.03.14,0.19
2023.03.15,0.61
2023.03.16,0.1
2023.03.17,0.35
2023.03.18,0.0
2023.03.19,0.4
2023.03.20,0.0
2023.03.21,0.05
2023.03.22,0.41
2023.03.23,0.5
2023.03.24,0.38
2023.03.25,0.0
2023.03.26,0.5
2023.03.27,-0.12
2023.03.28,-0.23
2023.03.29,0.21
2023.03.30,0.38
2023.03.31,0.31
2023.04.01,-0.67
2023.04.02,-0.33
2023.04.03,-0.17
2023.04.04,0.0
2023.04.05,-0.21
2023.04.06,0.42
2023.04.07,0.42
2023.04.08,0.18
2023.04.09,1.0
2023.04.10,0.4
2023.04.11,0.52
2023.04.12,0.55
2023.04.13,0.35
2023.04.14,0.24
2023.04.15,0.29
2023.04.16,-0.25
2023.04.17,0.31
2023.04.18,0.11
2023.04.19,0.5
2023.04.20,0.59
2023.04.21,0.67
2023.04.22,0.43
2023.04.23,1.0
2023.04.24,0.1
2023.04.25,0.16
2023.04.26,0.35
2023.04.27,0.31
2023.04.28,0.2
2023.04.29,0.2
2023.04.30,0.0
2023.05.01,0.67
2023.05.02,0.36
2023.05.03,0.08
2023.05.04,0.43
2023.05.05,-0.11
2023.05.06,0.33
2023.05.07,0.0
2023.05.08,0.14
2023.05.09,0.14
2023.05.10,0.0
2023.05.11,0.2
2023.05.12,0.0
2023.05.13,0.33
2023.05.14,1.0
2023.05.15,0.38
2023.05.16,0.5
2023.05.17,0.36
2023.05.18,0.22
2023.05.19,0.33
2023.05.20,0.25
2023.05.21,-1.0
2023.05.22,-0.27
2023.05.23,0.12
2023.05.24,0.13
2023.05.25,0.47
2023.05.26,0.23
2023.05.27,0.5
2023.05.28,0.0
2023.05.29,0.5
2023.05.30,0.27
2023.05.31,0.33
2023.06.01,0.19
2023.06.02,0.0
2023.06.03,-0.2
2023.06.04,0.0
2023.06.05,0.06
2023.06.06,0.11
2023.06.07,0.62
2023.06.08,0.33
2023.06.09,0.08
2023.06.10,-0.38
2023.06.11,-0.2
2023.06.12,0.19
2023.06.13,0.5
2023.06.14,0.38
2023.06.15,-0.07
2023.06.16,0.36
2023.06.17,-1.0
2023.06.18,0.0
2023.06.19,0.07
2023.06.20,0.4
2023.06.21,0.31
2023.06.22,0.5
2023.06.23,0.1
2023.06.24,0.58
2023.06.25,-0.25
2023.06.26,0.27
2023.06.27,-0.2
2023.06.28,0.67
2023.06.29,0.36
2023.06.30,0.0
2023.07.01,0.5
2023.07.02,0.0
2023.07.03,0.25
2023.07.04,0.25
2023.07.05,0.12
2023.07.06,0.3
2023.07.07,0.0
2023.07.08,0.0
2023.07.09,0.0
2023.07.10,0.5
2023.07.11,-0.19
2023.07.12,-0.07
2023.07.13,0.25
2023.07.14,0.0
2023.07.15,0.5
2023.07.16,0.0
2023.07.17,-0.17
2023.07.18,0.0
2023.07.19,0.46
2023.07.20,0.27
2023.07.21,0.31
2023.07.22,0.67
2023.07.23,1.0
2023.07.24,0.7
2023.07.25,0.0
2023.07.26,0.33
2023.07.27,0.36
2023.07.28,0.15
2023.07.29,-0.5
2023.07.30,-0.5
2023.07.31,0.15
2023.08.01,-0.08
2023.08.02,0.11
2023.08.03,0.15
2023.08.04,0.12
2023.08.05,0.0
2023.08.06,0.0
2023.08.07,0.3
2023.08.08,0.5
2023.08.09,0.42
2023.08.10,0.32
2023.08.11,0.26
2023.08.12,1.0
2023.08.13,0.25
2023.08.14,0.25
2023.08.15,0.5
2023.08.16,-0.2
2023.08.17,0.0
2023.08.18,-0.12
2023.08.19,0.71
2023.08.20,0.0
2023.08.21,0.07
2023.08.22,0.0
2023.08.23,0.21
2023.08.24,-0.23
2023.08.25,0.0
2023.08.26,0.33
2023.08.27,-0.5
2023.08.28,-0.11
2023.08.29,0.0
2023.08.30,0.27
2023.08.31,0.58
2023.09.01,0.26
2023.09.02,0.42
2023.09.03,0.5
2023.09.04,0.05
2023.09.05,0.67
2023.09.06,0.05
2023.09.07,-0.14
2023.09.08,-0.47
2023.09.09,0.17
2023.09.10,0.0
2023.09.11,-0.35
2023.09.12,0.15
2023.09.13,0.0
2023.09.14,0.0
2023.09.15,0.06
2023.09.16,0.0
2023.09.17,0.0
2023.09.18,0.09
2023.09.19,0.6
2023.09.20,0.24
2023.09.21,-0.14
2023.09.22,-0.16
2023.09.23,0.43
2023.09.24,0.0
2023.09.25,-0.06
2023.09.26,0.25
2023.09.27,0.54
2023.09.28,0.16
2023.09.29,0.0
2023.09.30,-0.14
2023.10.01,0.0
2023.10.02,0.0
2023.10.03,-0.75
2023.10.04,-0.43
2023.10.05,0.0
2023.10.06,-0.25
2023.10.07,0.13
2023.10.08,-0.67
2023.10.09,0.33
2023.10.10,0.0
2023.10.11,0.04
2023.10.12,0.41
2023.10.13,0.25
2023.10.14,0.0
2023.10.15,-0.29
2023.10.16,-0.05
2023.10.17,-0.36
2023.10.18,0.06
2023.10.19,0.0
2023.10.20,0.33
2023.10.21,-0.17
2023.10.22,0.0
2023.10.23,0.55
2023.10.24,0.55
2023.10.25,0.47
2023.10.26,0.56
2023.10.27,-0.25
2023.10.28,-0.2
2023.10.29,1.0
2023.10.30,0.14
2023.10.31,0.08
2023.11.01,0.27
2023.11.02,-0.09
2023.11.03,-0.3
2023.11.04,0.0
2023.11.05,-0.25
2023.11.06,0.05
2023.11.07,0.09
2023.11.08,-0.12
2023.11.09,0.5
2023.11.10,0.04
2023.11.11,0.38
2023.11.12,0.33
2023.11.13,0.1
2023.11.14,0.13
2023.11.15,0.27
2023.11.16,0.43
2023.11.17,0.13
2023.11.18,0.67
2023.11.19,-0.25
2023.11.20,0.5
2023.11.21,0.38
2023.11.22,0.36
2023.11.23,0.44
2023.11.24,0.4
2023.11.25,0.0
2023.11.26,0.0
2023.11.27,0.27
2023.11.28,0.32
2023.11.29,0.52
2023.11.30,0.23
2023.12.01,0.63
2023.12.02,0.12
2023.12.03,0.25
2023.12.04,0.17
2023.12.05,0.27
2023.12.06,0.5
2023.12.07,0.56
2023.12.08,0.15
2023.12.09,0.27
2023.12.10,1.0
2023.12.11,0.71
2023.12.12,0.0
2023.12.13,0.35
2023.12.14,0.3
2023.12.15,0.47
2023.12.16,0.08
2023.12.17,0.5
2023.12.18,0.07
2023.12.19,0.19
2023.12.20,0.23
2023.12.21,0.28
2023.12.22,0.25
2023.12.23,0.0
2023.12.24,0.5
2023.12.25,0.56
2023.12.26,0.56
2023.12.27,0.31
2023.12.28,0.6
2023.12.29,0.65
2023.12.30,0.5
2023.12.31,0.0
2024.01.01,0.67
2024.01.02,0.42
2024.01.03,-0.17
2024.01.04,0.2
2024.01.05,0.47
2024.01.06,0.75
2024.01.07,-1.0
2024.01.08,0.3
2024.01.09,0.12
2024.01.10,0.17
2024.01.11,0.29
2024.01.12,0.26
2024.01.13,0.17
2024.01.14,1.0
2024.01.15,0.0
2024.01.16,0.5
2024.01.17,0.4
2024.01.18,0.64
2024.01.19,0.48
2024.01.20,0.45
2024.01.21,0.0
2024.01.22,0.1
2024.01.23,0.05
2024.01.24,0.35
2024.01.25,-0.06
2024.01.26,0.23
2024.01.27,0.5
2024.01.28,0.0
2024.01.29,0.4
2024.01.30,0.08
2024.01.31,0.42
2024.02.01,0.29
2024.02.02,0.27
2024.02.03,0.25
2024.02.04,0.0
2024.02.05,0.24
2024.02.06,0.33
2024.02.07,0.29
2024.02.08,0.27
2024.02.09,0.17
2024.02.10,0.43
2024.02.11,0.0
2024.02.12,0.0
2024.02.13,0.14
2024.02.14,0.0
2024.02.15,0.0
2024.02.16,0.07
2024.02.17,-0.33
2024.02.18,1.0
2024.02.19,0.35
2024.02.20,0.33
2024.02.21,0.24
2024.02.22,0.41
2024.02.23,0.03
2024.02.24,0.5
2024.02.25,0.67
2024.02.26,0.3
2024.02.27,0.38
2024.02.28,0.44
2024.02.29,0.56
2024.03.01,0.43
2024.03.02,0.78
2024.03.03,0.5
2024.03.04,0.31
2024.03.05,0.64
2024.03.06,0.17
2024.03.07,0.61
2024.03.08,0.32
2024.03.09,0.5
2024.03.10,0.33
2024.03.11,0.24
2024.03.12,0.55
2024.03.13,0.65
2024.03.14,0.57
2024.03.15,0.75
2024.03.16,0.4
2024.03.17,0.4
2024.03.18,0.38
2024.03.19,0.67
2024.03.20,0.57
2024.03.21,0.5
2024.03.22,0.38
2024.03.23,0.6
2024.03.24,1.0
2024.03.25,0.38
2024.03.26,0.59
2024.03.27,0.42
2024.03.28,0.39
2024.03.29,0.5
2024.03.30,0.25
2024.03.31,-0.5
2024.04.01,0.37
2024.04.02,0.5
2024.04.03,0.43
2024.04.04,-0.09
2024.04.05,0.11
2024.04.06,0.22
2024.04.07,1.0
2024.04.08,0.15
2024.04.09,0.19
2024.04.10,0.15
2024.04.11,0.29
2024.04.12,0.41
2024.04.13,0.45
2024.04.14,-0.25
2024.04.15,0.42
2024.04.16,0.09
2024.04.17,0.36
2024.04.18,0.26
2024.04.19,-0.12
2024.04.20,0.5
2024.04.21,0.33
2024.04.22,0.24
2024.04.23,0.11
2024.04.24,0.4
2024.04.25,0.35
2024.04.26,0.21
2024.04.27,0.46
2024.04.28,0.75
2024.04.29,0.14
2024.04.30,0.31
2024.05.01,-0.06
2024.05.02,0.07
2024.05.03,0.08
2024.05.04,-0.4
2024.05.05,0.33
2024.05.06,0.78
2024.05.07,0.24
2024.05.08,0.68
2024.05.09,0.2
2024.05.10,0.28
2024.05.11,0.5
2024.05.12,0.0
2024.05.13,0.0
2024.05.14,0.19
2024.05.15,0.11
2024.05.16,0.15
2024.05.17,0.15
2024.05.18,-0.43
2024.05.19,0.6
2024.05.20,0.25
2024.05.21,0.37
2024.05.22,0.12
2024.05.23,0.03
2024.05.24,0.08
2024.05.25,0.42
2024.05.26,0.43
2024.05.27,0.62
2024.05.28,0.62
2024.05.29,0.52
2024.05.30,0.56
2024.05.31,0.37
2024.06.01,0.29
2024.06.02,0.86
2024.06.03,0.57
2024.06.04,0.5
2024.06.05,0.45
2024.06.06,0.24
2024.06.07,0.32
2024.06.08,0.44
2024.06.09,0.83
2024.06.10,0.56
2024.06.11,0.23
2024.06.12,0.32
2024.06.13,0.47
2024.06.14,0.0
2024.06.15,0.22
2024.06.16,0.4
2024.06.17,0.33
2024.06.18,0.46
2024.06.19,0.35
2024.06.20,0.61
2024.06.21,0.47
2024.06.22,0.38
2024.06.23,0.67
2024.06.24,0.27
2024.06.25,0.64
2024.06.26,0.05
2024.06.27,0.33
2024.06.28,-0.1
2024.06.29,-0.08
2024.06.30,0.17
2024.07.01,0.47
2024.07.02,-0.05
2024.07.03,0.0
2024.07.04,0.2
2024.07.05,0.0
2024.07.06,0.14
2024.07.07,0.0
2024.07.08,0.18
2024.07.09,0.41
2024.07.10,0.41
2024.07.11,0.19
2024.07.12,0.07
2024.07.13,-0.5
2024.07.14,0.0
2024.07.15,0.4
2024.07.16,0.54
2024.07.17,0.35
2024.07.18,0.42
2024.07.19,0.24
2024.07.20,0.36
2024.07.21,0.0
2024.07.22,0.42
2024.07.23,0.14
2024.07.24,0.06
2024.07.25,0.52
2024.07.26,0.61
2024.07.27,0.64
2024.07.28,0.6
2024.07.29,0.67
2024.07.30,0.86
2024.07.31,0.68
2024.08.01,0.46
2024.08.02,0.22
2024.08.03,0.27
2024.08.04,0.33
2024.08.05,0.21
2024.08.06,0.65
2024.08.07,0.4
2024.08.08,0.38
2024.08.09,0.33
2024.08.10,0.27
2024.08.11,0.25
2024.08.12,0.32
2024.08.13,-0.25
2024.08.14,0.08
2024.08.15,0.12
2024.08.16,0.45
2024.08.17,0.3
2024.08.18,1.0
2024.08.19,0.47
2024.08.20,0.19
2024.08.21,0.15
2024.08.22,-0.37
2024.08.23,-0.8
2024.08.24,-0.67
2024.08.25,0.0
2024.08.26,0.12
2024.08.27,0.38
2024.08.28,0.3
2024.08.29,0.06
2024.08.30,0.06
2024.08.31,0.11
2024.09.01,0.0
2024.09.02,0.58
2024.09.03,0.39
2024.09.04,0.18
2024.09.05,0.05
2024.09.06,0.12
2024.09.07,0.09
2024.09.08,0.67
2024.09.09,0.0
2024.09.10,0.11
2024.09.11,0.42
2024.09.12,0.23
2024.09.13,0.3
2024.09.14,-0.09
2024.09.15,1.0
2024.09.16,0.0
2024.09.17,-0.29
2024.09.18,0.21
2024.09.19,0.0
2024.09.20,0.36
2024.09.21,-0.25
2024.09.22,1.0
2024.09.23,0.0
2024.09.24,-0.07
2024.09.25,-0.21
2024.09.26,-0.24
2024.09.27,-0.37
2024.09.28,-0.5
2024.09.29,-0.5
2024.09.30,0.17
2024.10.01,0.2
2024.10.02,0.24
2024.10.03,0.44
2024.10.04,0.42
2024.10.05,0.5
2024.10.06,0.0
2024.10.07,0.27
2024.10.08,0.18
2024.10.09,0.33
2024.10.10,0.38
2024.10.11,0.38
2024.10.12,0.25
2024.10.13,0.4
2024.10.14,0.41
2024.10.15,0.35
2024.10.16,0.4
2024.10.17,0.58
2024.10.18,0.44
2024.10.19,0.38
2024.10.20,0.0
2024.10.21,-0.11
2024.10.22,0.14
2024.10.23,0.24
2024.10.24,0.31
2024.10.25,-0.27
2024.10.26,0.08
2024.10.27,0.25
2024.10.28,-0.14
2024.10.29,0.19
2024.10.30,0.26
2024.10.31,0.29
2024.11.01,0.14
2024.11.02,0.5
2024.11.03,0.5
2024.11.04,0.91
2024.11.05,0.45
2024.11.06,0.62
2024.11.07,0.11
2024.11.08,0.25
2024.11.09,0.44
2024.11.10,0.1
2024.11.11,0.08
2024.11.12,0.2
2024.11.13,-0.05
2024.11.14,0.0
2024.11.15,0.25
2024.11.16,0.57
2024.11.17,0.0
2024.11.18,0.4
2024.11.19,0.18
2024.11.20,0.05
2024.11.21,0.3
2024.11.22,0.18
2024.11.23,0.58
2024.11.24,0.33
2024.11.25,0.75
2024.11.26,0.68
2024.11.27,0.9
2024.11.28,0.9
2024.11.29,0.67
2024.11.30,1.0
2024.12.01,0.86
2024.12.02,0.38
2024.12.03,0.44
2024.12.04,0.5
2024.12.05,0.5
2024.12.06,0.29
2024.12.07,0.57
2024.12.08,0.43
2024.12.09,0.8
2024.12.10,0.69
2024.12.11,0.29
2024.12.12,0.62
2024.12.13,0.58
2024.12.14,0.53
2024.12.15,0.5
2024.12.16,0.67
2024.12.17,0.81
2024.12.18,0.7
2024.12.19,0.35
2024.12.20,0.54
2024.12.21,0.33
2024.12.22,0.25
2024.12.23,0.69
2024.12.24,0.56
2024.12.25,-0.08
2024.12.26,0.07
2024.12.27,0.29
2024.12.28,0.56
2024.12.29,0.0
2024.12.30,0.72
2024.12.31,0.74
2025.01.01,0.76
2025.01.02,0.38
2025.01.03,0.72
2025.01.04,0.5
2025.01.05,0.86
2025.01.06,0.5
2025.01.07,0.22
2025.01.08,-0.12
2025.01.09,0.09
2025.01.10,0.27
2025.01.11,0.47
2025.01.12,0.62
2025.01.13,0.69
2025.01.14,0.47
2025.01.15,0.31
2025.01.16,0.55
2025.01.17,0.38
2025.01.18,0.25
2025.01.19,0.5
2025.01.20,0.33
2025.01.21,0.56
2025.01.22,0.5
2025.01.23,0.27
2025.01.24,0.2
2025.01.25,0.22
2025.01.26,0.0
2025.01.27,0.0
2025.01.28,0.08
2025.01.29,0.44
2025.01.30,0.25
2025.01.31,0.28
2025.02.01,0.65
2025.02.02,0.91
2025.02.03,0.73
2025.02.04,0.52
2025.02.05,0.17
2025.02.06,0.47
2025.02.07,0.36
2025.02.08,0.62
2025.02.09,0.45
2025.02.10,0.11
2025.02.11,0.29
2025.02.12,0.17
2025.02.13,0.52
2025.02.14,0.1
2025.02.15,-0.35
2025.02.16,0.38
2025.02.17,0.42
2025.02.18,0.29
2025.02.19,0.44
2025.02.20,0.11
2025.02.21,0.41
2025.02.22,0.26
2025.02.23,-0.07
2025.02.24,0.6
2025.02.25,0.43
2025.02.26,0.28
2025.02.27,0.39
2025.02.28,0.47
2025.03.01,0.3
2025.03.02,0.0
2025.03.03,0.1
2025.03.04,0.21
2025.03.05,0.39
2025.03.06,-0.21
2025.03.07,0.04
2025.03.08,-0.21
2025.03.09,-0.38
2025.03.10,-0.05
2025.03.11,-0.08
2025.03.12,0.13
2025.03.13,-0.46
2025.03.14,-0.18
2025.03.15,0.68
2025.03.16,0.27
2025.03.17,0.2
2025.03.18,-0.35
2025.03.19,0.04
2025.03.20,0.19
2025.03.21,0.43
2025.03.22,-0.1
2025.03.23,-0.57
2025.03.24,-0.16
2025.03.25,-0.69
2025.03.26,-0.23
2025.03.27,-0.07
2025.03.28,-0.04
2025.03.29,0.16
2025.03.30,0.55
2025.03.31,-0.04
2025.04.01,0.17
2025.04.02,0.04
2025.04.03,0.42
2025.04.04,0.12
2025.04.05,0.5
2025.04.06,0.56
2025.04.07,0.24
2025.04.08,0.24
2025.04.09,0.3
2025.04.10,0.68
2025.04.11,0.21
2025.04.12,-0.64
2025.04.13,-0.46
2025.04.14,-0.53
2025.04.15,-0.45
2025.04.16,0.26
2025.04.17,0.4
2025.04.18,-0.23
2025.04.19,0.06
2025.04.20,-0.29
2025.04.21,0.0
2025.04.22,-0.16
2025.04.23,-0.53
2025.04.24,-0.5
2025.04.25,-0.22
2025.04.26,0.15
2025.04.27,0.0
2025.04.28,-0.05
2025.04.29,0.18
2025.04.30,-0.04
2025.05.01,-0.05
2025.05.02,0.06
2025.05.03,0.06
2025.05.04,0.36
2025.05.05,0.27
2025.05.06,0.31
2025.05.07,0.29
2025.05.08,0.42
2025.05.09,0.54
2025.05.10,0.36
2025.05.11,0.27
2025.05.12,0.25
2025.05.13,0.36
2025.05.14,0.44
2025.05.15,0.19
2025.05.16,0.16
2025.05.17,0.36
2025.05.18,0.22
2025.05.19,0.42
2025.05.20,0.33
2025.05.21,0.38
2025.05.22,0.85
2025.05.23,0.77
2025.05.24,0.57
2025.05.25,0.93
2025.05.26,0.24
2025.05.27,0.89
2025.05.28,0.4
2025.05.29,0.8
2025.05.30,0.35
2025.05.31,0.4
2025.06.01,0.77
2025.06.02,0.27
2025.06.03,0.19
2025.06.04,0.62
2025.06.05,0.68
2025.06.06,0.5
2025.06.07,0.29
2025.06.08,0.09
2025.06.09,0.42
2025.06.10,0.28
2025.06.11,0.26
2025.06.12,0.24
2025.06.13,0.15
2025.06.14,0.19
2025.06.15,0.57
2025.06.16,0.26
2025.06.17,0.0
2025.06.18,0.17
2025.06.19,0.39
2025.06.20,0.77
2025.06.21,0.68
2025.06.22,0.43
2025.06.23,0.63
2025.06.24,0.58
2025.06.25,0.23
2025.06.26,0.0
2025.06.27,0.31
2025.06.28,0.64
2025.06.29,0.43
2025.06.30,0.21
2025.07.01,0.26
2025.07.02,0.19
2025.07.03,0.11
2025.07.04,-0.15
2025.07.05,0.14
2025.07.06,0.75
2025.07.07,0.81
2025.07.08,0.32
2025.07.09,0.18
2025.07.10,0.62
2025.07.11,0.41
2025.07.12,0.38
2025.07.13,0.35
2025.07.14,0.37
2025.07.15,0.44
2025.07.16,0.67
2025.07.17,0.56
2025.07.18,0.71
2025.07.19,0.7
2025.07.20,0.72
2025.07.21,0.85
2025.07.22,0.74
2025.07.23,0.51
2025.07.24,0.89
2025.07.25,0.83
2025.07.26,0.72
2025.07.27,0.73
2025.07.28,0.66
2025.07.29,0.61
2025.07.30,0.71
2025.07.31,0.22
2025.08.01,0.47
2025.08.02,0.54
2025.08.03,0.69
2025.08.04,0.79
2025.08.05,0.69
2025.08.06,0.52
2025.08.07,0.39
2025.08.08,0.52
2025.08.09,0.23
2025.08.10,0.19
2025.08.11,0.16
2025.08.12,0.11
2025.08.13,0.32
2025.08.14,0.43
2025.08.15,0.62
2025.08.16,0.51
2025.08.17,0.6
2025.08.18,0.7
2025.08.19,0.54
2025.08.20,0.74
2025.08.21,0.54
2025.08.22,0.06
2025.08.23,0.47
2025.08.24,0.31
2025.08.25,-0.08
2025.08.26,-0.13
2025.08.27,0.17
2025.08.28,0.07
2025.08.29,0.46
2025.08.30,0.62
2025.08.31,0.61
2025.09.01,0.53
2025.09.02,-0.03
2025.09.03,0.45
2025.09.04,0.59
2025.09.05,0.52
2025.09.06,-0.1
2025.09.07,0.23
2025.09.08,0.17
2025.09.09,0.25
2025.09.10,0.3
2025.09.11,0.39
2025.09.12,0.31
2025.09.13,0.43
2025.09.14,0.38
2025.09.15,0.27
2025.09.16,0.52
2025.09.17,0.48
2025.09.18,0.45
2025.09.19,0.79
2025.09.20,0.12
2025.09.21,0.58
2025.09.22,0.0
2025.09.23,0.44
2025.09.24,0.5
